Category,Subcategory,PartNumber,DatasheetURL,VDSSV,VGSV,VTHMinV,VTHMaxV,ID_A_TA25,VTHMax,Ron45mOMax,Ron10mOMax
Polymer Aluminum Solid Electrolytic Capacitors,SOT-723,PART483,https://www.syncpower.com/datasheet/SPN1012.pdf,4,5,8,8,,,,
Polymer Aluminum Solid Electrolytic Capacitors,SOT-723,PART484,https://www.syncpower.com/datasheet/SPN1012.pdf,3,7,89,,,,,
Polymer Aluminum Solid Electrolytic Capacitors,SOT-723,PART485,https://www.syncpower.com/datasheet/SPN1012.pdf,4,8,6,,,,,
Polymer Aluminum Solid Electrolytic Capacitors,SOT-723,PART486,https://www.syncpower.com/datasheet/SPN1012.pdf,-,9,4,,,,,
Polymer Aluminum Solid Electrolytic Capacitors,SOP-8,PART487,https://www.syncpower.com/datasheet/SPN1012.pdf,4,3,,,,,,
Polymer Aluminum Solid Electrolytic Capacitors,SOP-8,PART488,https://www.syncpower.com/datasheet/SPN1012.pdf,2,58,-,,,,,
Polymer Aluminum Solid Electrolytic Capacitors,SOP-8,PART489,https://www.syncpower.com/datasheet/SPN1012.pdf,-,2,,,,,,
Polymer Aluminum Solid Electrolytic Capacitors,SOP-8,PART490,https://www.syncpower.com/datasheet/SPN1012.pdf,0,,,,,,,
Polymer Aluminum Solid Electrolytic Capacitors,SOT-563(SC-89-6L),PART491,https://www.syncpower.com/datasheet/SPN1012.pdf,8,98,-,,,,,
Polymer Aluminum Solid Electrolytic Capacitors,SOT-563(SC-89-6L),PART492,https://www.syncpower.com/datasheet/SPN1012.pdf,,,,,,,,
Polymer Aluminum Solid Electrolytic Capacitors,SOT-563(SC-89-6L),PART493,https://www.syncpower.com/datasheet/SPN1012.pdf,85,3,,,,,,
Polymer Aluminum Solid Electrolytic Capacitors,SPP1021,PART494,https://www.syncpower.com/datasheet/SPN1012.pdf,6,-,,,,,,
Polymer Aluminum Solid Electrolytic Capacitors,SPP1021,PART495,https://www.syncpower.com/datasheet/SPN1012.pdf,6,,,,,,,
Polymer Aluminum Solid Electrolytic Capacitors,SPP1021,PART496,https://www.syncpower.com/datasheet/SPN1012.pdf,5,9,,,,,,
Polymer Aluminum Solid Electrolytic Capacitors,SPP1021,PART497,https://www.syncpower.com/datasheet/SPN1012.pdf,-,-,,,,,,
Polymer Aluminum Solid Electrolytic Capacitors,SPP1563,PART498,https://www.syncpower.com/datasheet/SPN1012.pdf,-,6,,,,,,
Polymer Aluminum Solid Electrolytic Capacitors,SPP1563,PART499,https://www.syncpower.com/datasheet/SPN1012.pdf,3,6,,,,,,
Polymer Aluminum Solid Electrolytic Capacitors,SPP1563,PART500,https://www.syncpower.com/datasheet/SPN1012.pdf,9,-,6,,,,,
Polymer Aluminum Solid Electrolytic Capacitors,SPP6569,PART501,https://www.syncpower.com/datasheet/SPN1012.pdf,,,,,,,,
Polymer Aluminum Solid Electrolytic Capacitors,SPP6569,PART502,https://www.syncpower.com/datasheet/SPN1012.pdf,,,,,,,,
Polymer Aluminum Solid Electrolytic Capacitors,SPP6569,PART503,https://www.syncpower.com/datasheet/SPN1012.pdf,,,,,,,,
Polymer Aluminum Solid Electrolytic Capacitors,SPP6569,PART504,https://www.syncpower.com/datasheet/SPN1012.pdf,6,,,,,,,
Mosfet,MPO86,PART505,https://www.syncpower.com/datasheet/SPN1012.pdf,,,,,,,, 